{
  "0.8327278823306039": { "user_id": 2 },
  "0.7237482667109985": { "user_id": 3 },
  "0.9612081220638444": { "user_id": 1 }
}
